Country,1896,1900,1904,1908,1912,1920,1924,1928,1932,1936,1948,1952,1956,1960,1964,1968,1972,1976,1980,1984,1988,1992,1996,2000,2004,2008,2012,2016,2020
Afghanistan,,,,,,,,,,,,1189.0,1278.0,1326.0,1291.0,1290.0,1007.0,1105.0,1019.0,1337.0,1101.0,843.87537,600.1753,502.37274,869.03925,1319.6074,1945.0,1931.2438,1928.4547
Albania,,1092.0,,,,,,,,,,1667.0,1902.0,2313.0,2576.0,2979.0,3451.0,3665.0,3741.0,3826.0,3920.0,2841.7651,3965.6853,4808.4795,6419.8706,8522.13,9634.334,10547.255,11372.541
Algeria,,,,,,,,,,,,2193.0,2475.0,3328.0,2879.0,3151.0,3746.0,4157.0,5024.0,5361.0,4850.0,4850.223,5451.6343,6834.5537,9182.294,11475.002,13392.944,14198.272,13086.293
Angola,,,,,,,,,,,,1755.0,1769.0,1997.0,2407.0,2665.0,2729.0,1521.0,1532.0,1259.0,1360.0,1389.3295,1533.9839,2013.6362,3064.2986,6743.748,8376.946,7819.1475,6279.929
Argentina,5716.0,4583.0,5086.0,5829.0,6223.0,5536.0,6464.0,6840.0,5614.0,6236.0,8372.0,7519.0,8424.0,8861.0,9446.0,10485.0,12170.0,12696.0,13080.0,11837.0,11244.0,12267.084,13715.227,14368.942,14183.226,18520.305,19573.963,18819.643,15975.839
Armenia,,,,,,,,,,,,,,,,,,,9291.0,10181.0,9301.0,4699.611,4811.4897,5139.8257,7229.6484,10080.8125,9076.433,10113.051,11546.176
Australia,5874.0,6397.0,6846.0,7481.0,8126.0,7597.0,8635.0,8690.0,7275.0,8792.0,11105.0,11824.0,12924.0,14013.0,15699.0,17770.0,19772.0,21613.0,22972.0,24009.0,26702.0,27560.178,31740.47,36603.047,40887.727,44421.64,47045.13,48675.137,48268.945
Austria,4305.0,4594.0,4712.0,5292.0,5587.0,3845.0,5042.0,5829.0,4686.0,4774.0,4406.0,6323.0,8603.0,10391.0,12062.0,13742.0,17169.0,19448.0,21932.0,23016.0,25112.0,28072.44,30413.156,34796.258,36957.113,40964.793,41540.94,41545.5,40503.04
Azerbaijan,,,,,,,,,,,,,,,,,,,7165.0,8360.0,9328.0,5638.998,3074.2197,4214.8887,5971.4746,14072.627,16364.532,16770.85,16189.511
Bahrain,,,,,,,,,,,,3614.0,4141.0,4532.0,4898.0,5611.0,6692.0,6875.0,6994.0,7264.0,6802.0,7993.8926,11640.821,17021.723,23389.602,30612.498,36711.39,38805.39,36890.504
Bangladesh,,,,,,,,,,,,874.0,878.0,869.0,939.0,987.0,807.0,862.0,875.0,918.0,964.0,1062.4604,1234.0841,1485.3092,1812.6246,2321.0505,2914.0488,3598.5103,4418.9644
Barbados,,,,,,,,,,,,3655.0,4390.0,5316.0,6355.0,8429.0,10567.0,10222.0,12318.0,11772.0,13087.0,11427.267,11760.825,12600.022,12078.735,12786.107,11860.0,12124.693,10487.387
Belarus,,,,,,,,,,,,,,,,,,,9487.0,10957.0,11198.0,9960.843,7128.3545,9110.9795,11615.686,16223.997,18245.008,17701.959,19053.156
Belgium,5660.0,5947.0,6091.0,6269.0,6704.0,6315.0,7393.0,8191.0,7343.0,7831.0,8008.0,9035.0,10237.0,11081.0,13295.0,15009.0,18336.0,20916.0,23060.0,23644.0,25905.0,28199.574,29820.299,33719.77,35740.35,38117.348,38173.234,39456.863,38763.44
Benin,,,,,,,,,,,,1565.0,1444.0,1468.0,1492.0,1545.0,1640.0,1548.0,1691.0,1809.0,1780.0,1790.53,1840.4858,1908.9366,1923.7192,1920.306,1867.0,2061.9036,2297.7698
Bolivia,1352.0,1462.0,1460.0,1616.0,1787.0,1932.0,2077.0,2356.0,1879.0,2230.0,2987.0,3237.0,2719.0,2560.0,2809.0,3314.0,3602.0,4219.0,4100.0,3561.0,3386.0,3592.1367,3959.4453,4173.5493,4330.5557,4924.032,5503.908,6337.799,6062.065
Bosnia and Herzegovina,,,,,,,,,,,,1894.0,1932.0,2871.0,3469.0,3849.0,4661.0,5268.0,6588.0,6843.0,6668.0,3830.219,4915.325,7082.035,7857.3784,9199.262,8894.932,9966.366,10736.168
Botswana,,,,,,,,,,,,504.0,537.0,564.0,604.0,781.0,1361.0,1801.0,2348.0,3124.0,3920.0,5733.63,6647.7676,8044.142,9329.509,12385.149,13134.406,14752.188,14162.686
Brazil,915.0,874.0,918.0,945.0,1042.0,1242.0,1320.0,1492.0,1312.0,1591.0,2096.0,2377.0,2672.0,3398.0,3637.0,4050.0,5480.0,7079.0,8249.0,7438.0,8230.0,7812.7944,9124.516,9834.425,10949.66,13164.012,14985.498,13990.646,13685.926
Bulgaria,,,,,,1594.0,1635.0,1934.0,1943.0,2209.0,2200.0,3017.0,3392.0,4642.0,5829.0,6963.0,8145.0,9535.0,9634.0,10249.0,10098.0,7846.1157,7901.1235,8410.795,10853.785,14761.715,15314.524,16795.824,18203.832
Burkina Faso,,,,,,,,,,,,797.0,883.0,971.0,1055.0,1189.0,1253.0,1039.0,1165.0,1129.0,1403.0,1264.992,1255.7749,1275.4819,1268.6866,1315.4537,1387.6171,1500.0236,1638.8279
Burundi,,,,,,,,,,,,626.0,687.0,733.0,695.0,740.0,866.0,956.0,952.0,968.0,1119.0,1128.3474,824.5116,739.7609,709.7372,708.6786,727.0,704.635,720.446
Cambodia,,,,,,,,,,,,803.0,912.0,1070.0,1074.0,1164.0,920.0,1025.0,1320.0,1476.0,1473.0,1427.2858,1450.5251,1659.0891,1965.8787,2482.0068,2649.3062,3312.0815,3728.1985
Cameroon,,,,,,,,,,,,1122.0,1229.0,1326.0,1390.0,1508.0,1612.0,1664.0,1900.0,2450.0,2287.0,1754.2467,1710.106,1961.0879,2198.236,2352.7996,2536.5469,2758.029,2769.2869
Canada,3647.0,4640.0,5228.0,5694.0,6977.0,6154.0,6339.0,8244.0,5852.0,6574.0,11261.0,12486.0,13791.0,13952.0,15938.0,18297.0,20837.0,23754.0,25784.0,26836.0,30275.0,29141.191,31594.242,36942.562,39491.57,41896.426,42476.344,43702.08,42493.63
Cape Verde,,,,,,,,,,,,1031.0,1047.0,1135.0,1262.0,1347.0,1457.0,1251.0,1352.0,1626.0,1898.0,2029.5961,2594.0996,3583.587,4368.0547,5985.107,6273.0,6461.3506,5831.9985
Central African Republic,,,,,,,,,,,,1369.0,1492.0,1567.0,1486.0,1435.0,1368.0,1345.0,1234.0,1146.0,1073.0,965.19336,885.8864,963.94617,853.182,901.8513,916.0,592.92346,613.78937
Chad,,,,,,,,,,,,851.0,926.0,974.0,929.0,843.0,800.0,918.0,583.0,601.0,692.0,698.739,694.10504,716.04236,1200.2726,1422.2312,1742.654,1648.0383,1463.5312
Chile,3379.0,3386.0,3647.0,4020.0,4806.0,4248.0,4779.0,5609.0,2950.0,4584.0,5939.0,6252.0,6285.0,6781.0,7320.0,8053.0,8520.0,6868.0,9024.0,7992.0,9199.0,11773.301,14433.319,15211.623,16478.973,18804.03,20690.797,21715.713,20205.87
China,,972.0,,,,,,,1039.0,1065.0,,1047.0,1189.0,1057.0,1152.0,1178.0,1431.0,1519.0,1930.0,2444.0,3045.0,3227.7441,4219.644,4730.3545,6067.5913,8190.1123,10946.834,14138.955,17225.969
Colombia,1109.0,1089.0,1066.0,1160.0,1317.0,1707.0,2000.0,2375.0,2409.0,2780.0,3268.0,3529.0,3811.0,3980.0,4264.0,4581.0,5348.0,5918.0,6786.0,6741.0,7442.0,7888.1055,8770.583,8496.792,9211.279,10846.737,12129.81,13367.445,12377.135
Comoros,,,,,,,,,,,,559.0,606.0,679.0,888.0,928.0,966.0,1009.0,1065.0,1168.0,1152.0,1185.5142,1141.6016,1204.4023,1247.2749,1419.3671,1509.0,1705.7402,1869.9441
Congo,,,,,,,,,,,,1758.0,1884.0,1999.0,2079.0,2275.0,2582.0,2794.0,3075.0,4664.0,3908.0,3940.9717,3988.8772,4159.2227,4560.5127,5081.1313,6300.0493,5315.17,4203.1104
Costa Rica,,,,,,2589.0,2724.0,2686.0,2265.0,2550.0,3339.0,3370.0,3668.0,4328.0,4720.0,5574.0,6564.0,7182.0,7828.0,7065.0,7270.0,8038.7676,8446.781,9319.767,10086.783,11935.158,12800.048,13959.342,13996.39
Cote d'Ivoire,,,,,,,,,,,,1714.0,1824.0,2002.0,2691.0,2758.0,2887.0,3017.0,3253.0,2703.0,2444.0,2011.5693,2179.0356,2352.8564,2280.788,2435.2705,2648.7744,3328.9795,3682.1353
Croatia,,,,,,,,,,,,2738.0,3564.0,5067.0,6591.0,7667.0,9631.0,11469.0,14193.0,14104.0,14207.0,9331.893,11030.079,13244.541,16628.574,20717.316,19413.893,20915.227,21672.479
Cuba,,,1809.0,1836.0,1940.0,2378.0,2327.0,2275.0,1629.0,1913.0,2507.0,2844.0,2740.0,2994.0,3158.0,3229.0,3253.0,3786.0,4106.0,5051.0,4994.0,3399.9648,3249.6353,4009.3398,4561.0166,6004.894,7138.0,7928.05,7364.1055
Cyprus,,,,,,,,,,,,3017.0,3688.0,3496.0,3971.0,5947.0,7809.0,6652.0,9451.0,11330.0,13748.0,16570.396,18875.29,22326.799,25355.24,28736.975,25933.494,26607.555,28634.457
Czechia,,,,,,,,,,,,,,,,,9626.0,11317.0,12336.0,12573.0,13791.0,12810.432,15386.32,17056.16,20555.035,26186.045,26483.38,29097.504,30365.37
Czechoslovakia,,2756.0,,,,3081.0,3751.0,4745.0,4272.0,4143.0,4922.0,5735.0,6551.0,8142.0,8563.0,9919.0,10932.0,11893.0,12723.0,13260.0,13882.0,11742.929,13981.783,15378.206,18389.229,24256.883,25211.404,27732.625,29043.441
Democratic Republic of Congo,,,,,,,,,,,,1065.0,1224.0,1192.0,1191.0,1189.0,1235.0,1111.0,953.0,932.0,894.0,656.69165,523.86804,414.04694,463.99698,578.8487,714.7897,783.0341,794.2714
Denmark,4521.0,4809.0,5302.0,5662.0,6076.0,6363.0,7218.0,7627.0,8239.0,8886.0,9776.0,11086.0,11858.0,14046.0,16832.0,18868.0,21579.0,23059.0,24272.0,26581.0,29049.0,30573.574,34325.44,39021.176,41178.562,44246.4,43509.613,46018.984,47171.086
Djibouti,,,,,,,,,,,,3585.0,3810.0,4087.0,4055.0,4028.0,4787.0,4878.0,3167.0,2944.0,2652.0,2141.634,2081.9954,1880.9988,2097.1233,2463.4448,2654.0,3084.5425,3426.696
Dominica,,,,,,,,,,,,1121.0,1203.0,1245.0,1419.0,1288.0,1674.0,2066.0,2219.0,2802.0,3687.0,4271.69,4894.842,5696.955,6602.7,8454.0625,8823.0,9567.251,7974.3066
Dominican Republic,,,,,,,,,,,,1868.0,2008.0,2075.0,2365.0,2150.0,2928.0,3504.0,3781.0,3830.0,3821.0,4185.406,5198.5664,6788.084,7441.4478,10225.529,11854.366,14530.1,15325.654
East Asia (MPD),,1086.2826,,,,1215.6156,,,,,,,,1725.5217,,,,,4191.3184,,,,,8152.877,,,,17048.79,19749.514
Eastern Europe (MPD),,2015.9938,,,,1374.9872,,,,,,,,5865.5776,,,,,9783.951,,,,,8833.693,,,,18301.775,19578.574
Ecuador,,1098.0,1189.0,1299.0,1462.0,1680.0,1749.0,1892.0,1890.0,1908.0,2844.0,3202.0,3381.0,3649.0,3843.0,4264.0,4801.0,5877.0,6582.0,6336.0,6357.0,6715.474,6993.644,6908.243,7958.921,9103.872,10398.948,10603.806,9646.065
Egypt,,,,,,,,,,,,1435.0,1443.0,1580.0,1859.0,1827.0,2047.0,2560.0,3298.0,3810.0,4001.0,4338.9536,5293.1006,6593.5317,7661.86,9698.017,10774.53,11458.447,12234.504
El Salvador,,,,,,1487.0,1623.0,1682.0,1313.0,1572.0,2723.0,2472.0,2715.0,2813.0,3282.0,3524.0,3668.0,4084.0,3781.0,3357.0,3344.0,3750.5173,4671.339,5403.715,6145.98,7312.656,7726.0,8289.273,8137.9746
Equatorial Guinea,,,,,,,,,,,,845.0,940.0,1101.0,1690.0,2102.0,2007.0,3453.0,2613.0,2437.0,2577.0,2690.633,4426.338,12914.852,33419.887,47562.32,46255.0,33206.637,23300.297
Estonia,,,,,,,,,,,,,,,,,,,15044.0,16660.0,17661.0,13214.388,13547.661,16806.975,20803.758,24429.021,22784.3,25196.154,28261.582
Eswatini,,,,,,,,,,,,628.0,673.0,783.0,1172.0,1329.0,1889.0,3142.0,2946.0,2858.0,3492.0,3901.4001,4514.5493,4894.5205,5559.47,6791.392,7552.0,7993.1494,8167.6895
Ethiopia,,,,,,,,,,,,636.0,682.0,701.0,840.0,902.0,995.0,974.0,1033.0,956.0,969.0,708.3693,782.99414,771.7315,771.4652,989.9804,1291.7769,1722.3092,2121.8591
Finland,2503.0,2659.0,2759.0,2915.0,3223.0,2942.0,3545.0,4315.0,4065.0,5227.0,6307.0,7450.0,8440.0,9931.0,11647.0,12900.0,16654.0,18104.0,20640.0,22486.0,25644.0,24219.76,26637.266,32689.77,35888.613,40129.652,37715.01,37924.152,38871.703
Former Sudan,,,,,,,,,,,,1363.0,1556.0,1632.0,1505.0,1471.0,1400.0,1664.0,1484.0,1404.0,1282.0,1336.0544,1551.8574,1951.4658,2461.3003,3478.8877,2982.5593,3139.7502,2586.8955
France,4280.0,4584.0,4538.0,4854.0,5601.0,5144.0,6661.0,7063.0,6311.0,6765.0,7002.0,8869.0,10278.0,11792.0,14057.0,16365.0,19549.0,21465.0,23537.0,24519.0,26763.0,28619.805,29736.645,33409.68,35093.824,36761.793,36625.926,37343.84,35913.82
Gabon,,,,,,,,,,,,3143.0,3539.0,3982.0,4616.0,4927.0,6559.0,12747.0,8402.0,8612.0,6982.0,8194.499,10389.21,10637.8,12022.507,13330.255,16682.309,16995.238,15745.749
Gambia,,,,,,,,,,,,1022.0,1086.0,1167.0,1274.0,1519.0,1334.0,1436.0,1325.0,1462.0,1417.0,1391.4054,1336.8473,1440.8619,1585.7992,1618.4445,1725.0,1770.3645,1914.1969
Georgia,,,,,,,,,,,,,,,,,,,10519.0,13128.0,14665.0,5286.925,4030.8848,4891.664,6342.708,8461.917,9497.121,10945.466,11770.782
Germany,4368.0,4758.0,4914.0,5187.0,5617.0,4457.0,5099.0,6519.0,5359.0,7095.0,4517.0,7257.0,9846.0,12282.0,14062.0,15723.0,18301.0,20218.0,22497.0,23564.0,25759.0,27385.055,29349.982,33367.285,35528.715,40715.434,43288.32,45030.47,44996.43
Ghana,1112.3208,1126.6631,1255.7433,1231.8396,,1298.77,1708.3208,1572.8663,1752.9412,2033.4117,1845.369,1728.0,1970.0,2197.0,2254.0,2101.0,2235.0,1878.0,1844.0,1530.0,1648.0,1771.6003,1907.9348,2100.293,2329.5156,2725.7883,3467.1042,3640.779,4069.252
Greece,2359.0,1972.0,2498.0,2550.0,3135.0,2284.0,3279.0,3561.0,3649.0,3913.0,2866.0,3272.0,4313.0,5015.0,6601.0,8394.0,11795.0,12919.0,14300.0,14453.0,15596.0,16545.963,17719.557,20965.332,25780.385,28907.926,22746.207,22679.81,21767.22
Guatemala,,,,,,2028.0,2397.0,2482.0,2200.0,3674.0,3169.0,3226.0,3347.0,3496.0,3814.0,4385.0,5037.0,5705.0,6384.0,5469.0,5086.0,5303.5986,5511.905,5860.272,6070.1943,6604.6826,6718.332,7186.66,7309.368
Guinea,,,,,,,,,,,,550.0,610.0,671.0,720.0,776.0,826.0,905.0,872.0,824.0,856.0,833.22675,927.12946,1046.567,1159.8251,1290.4037,1397.0,1472.953,1726.5083
Guinea-Bissau,,,,,,,,,,,,516.0,703.0,800.0,1027.0,1270.0,1412.0,1443.0,1207.0,1162.0,1235.0,1287.2765,1337.4675,1230.6406,1194.6708,1270.7228,1361.0,1443.4241,1531.3096
Haiti,,,,,,,,,,,1784.0,1860.0,1897.0,1809.0,1604.0,1510.0,1635.0,1835.0,2063.0,1803.0,1701.0,1535.9707,1426.4126,1520.7292,1439.2076,1555.4932,1674.0,1748.7269,1641.7617
Honduras,,,,,,1957.0,1753.0,2377.0,2109.0,1741.0,2045.0,2083.0,2080.0,2147.0,2209.0,2463.0,2448.0,2954.0,3282.0,2968.0,3009.0,3094.5479,3210.2703,3335.7153,3686.6667,4358.763,4518.0,4803.2803,4567.8857
Hong Kong,,,,,,,,,,,,3846.0,4450.0,5088.0,6664.0,7696.0,10632.0,12929.0,17086.0,21042.0,27063.0,30202.54,32261.803,32894.01,36052.992,42635.48,44795.11,48385.113,46550.258
Hungary,,2681.0,,,,2724.0,3048.0,3849.0,3494.0,4173.0,3507.0,4403.0,4632.0,5816.0,6994.0,7865.0,8505.0,9231.0,10052.0,10696.0,11207.0,9153.921,10359.182,13129.273,16999.006,20380.63,20731.67,23568.926,26091.4
Iceland,2291.2607,2289.4734,2460.797,2766.639,3067.8557,2450.5056,3028.7258,3706.4622,4068.9983,4312.975,9215.163,8823.0,10323.0,10959.0,13386.0,13648.0,17366.0,19877.0,24528.0,25357.0,28934.0,26859.281,28277.787,33108.29,36209.242,40810.23,36933.895,41682.867,39368.4
India,850.0,955.0,1050.0,987.0,1098.0,1012.0,1111.0,1125.0,1130.0,1111.0,983.0,1003.0,1117.0,1200.0,1309.0,1290.0,1329.0,1417.0,1495.0,1690.0,1938.0,2115.2573,2475.568,2753.0854,3212.511,4030.6543,4982.083,6326.0645,6730.547
Indonesia,1092.0,1151.0,1138.0,1160.0,1315.0,1409.0,1486.0,1685.0,1481.0,1543.0,,1401.0,1533.0,1613.0,1583.0,1580.0,2117.0,2536.0,2981.0,3134.0,3500.0,4536.4097,5851.2954,5384.3867,6180.91,7633.166,9272.009,10849.67,11895.075
Iran,,,,,,,,,,,,2597.0,2541.0,3437.0,4026.0,5659.0,8247.0,10665.0,6334.0,6951.0,5249.0,7036.315,7746.409,9104.763,12404.323,15739.983,17556.533,17738.059,17296.264
Iraq,,,,,,,,,,,,2482.0,3808.0,4360.0,4965.0,5745.0,5297.0,8007.0,10165.0,6593.0,4635.0,2046.1809,2337.5227,3649.493,6061.5547,8587.265,12521.541,14173.763,11717.375
Ireland,,,,,,,4095.0,4363.0,4599.0,4865.0,5149.0,5805.0,6212.0,6825.0,7948.0,9197.0,10621.0,11639.0,13614.0,14435.0,16313.0,20032.719,26562.908,38806.5,47028.863,49583.14,47360.09,53686.844,55134.855
Israel,,,,,,,,,,,,4828.0,6153.0,7433.0,9430.0,11210.0,15108.0,16053.0,17508.0,18305.0,20256.0,21531.596,23979.996,26058.84,25210.879,27857.62,29580.836,31822.875,32730.943
Italy,3153.0,3264.0,3461.0,3795.0,3875.0,3789.0,4324.0,4693.0,4602.0,4471.0,4814.0,6371.0,7745.0,9430.0,11934.0,14513.0,16035.0,18147.0,20959.0,21868.0,24743.0,26960.611,29231.275,32716.98,34472.13,35942.938,34010.035,34120.42,32385.326
Jamaica,,926.0,,,,,,,,,,2397.0,3491.0,4230.0,4629.0,5235.0,6150.0,5681.0,4975.0,5059.0,5397.0,6292.029,6648.933,6531.2847,7004.9844,7353.107,7119.5054,7381.3325,6880.4883
Japan,1904.4431,2123.2505,2178.991,2356.9175,2419.7095,2973.9624,3316.3572,3554.1157,3529.2878,3985.5457,2857.23,3724.0,4699.0,6354.0,9035.0,12725.0,17110.0,18600.0,21404.0,23548.0,27393.0,30977.814,32784.156,33210.81,34313.56,35496.227,35537.438,37384.56,36826.64
Jordan,,,,,,,,,,,,2751.0,3410.0,3714.0,4752.0,4262.0,3754.0,4935.0,7141.0,7599.0,7571.0,6456.123,6783.229,7621.841,9288.616,11378.256,11704.657,9149.412,8896.383
Kazakhstan,,,,,,,,,,,,,,,,,,,11899.0,11553.0,12256.0,10012.611,7826.8574,9309.42,13929.7295,18665.766,22089.924,23731.512,25124.486
Kenya,,,652.13824,629.8157,687.2166,,,1068.2949,1058.7281,1230.9309,,1063.0,1173.0,1157.0,1208.0,1366.0,1524.0,1503.0,1675.0,1594.0,1741.0,1724.8744,1851.2814,1914.8864,2066.2102,2357.2324,2754.7646,2975.4795,3129.5852
Kuwait,,,,,,,,,,,,47856.0,52404.0,45929.0,40333.0,35546.0,48283.0,28956.0,21154.0,14384.0,12317.0,12965.067,29612.66,35844.746,55911.793,75138.12,80657.13,79289.17,66365.99
Kyrgyzstan,,,,,,,,,,,,,,,,,,,5848.0,5952.0,5679.0,4362.113,2901.5542,3246.383,3632.1472,4046.7207,4103.82,4925.4097,4899.061
Laos,,,,,,,,,,,,714.0,744.0,771.0,802.0,834.0,886.0,1023.0,1054.0,1344.0,1286.0,1563.9058,1899.8959,2262.2356,2784.6802,3614.4768,4670.0,5859.663,6824.144
Latin America (MPD),,1713.7573,,,,2332.3687,,,,,,,,4698.2524,,,,,8611.507,,,,,10132.75,,,,14074.377,12865.496
Latvia,,,,,,,,,,,,,,,,,,,13739.0,14682.0,14875.0,9411.195,8947.269,11309.74,15371.182,20342.2,19970.031,22913.023,25453.064
Lebanon,,,,,,,,,,,,5327.0,6663.0,5812.0,6156.0,6876.0,8228.0,2442.0,4608.0,4828.0,4385.0,4618.0054,6567.4004,7405.707,9491.61,12479.107,16284.763,13073.557,10182.637
Lesotho,,,,,,,,,,,,666.0,735.0,813.0,1054.0,1084.0,1108.0,1447.0,1589.0,1589.0,1736.0,1914.6238,1931.6608,1967.4332,2004.0602,2177.8574,2456.0,2774.5996,2297.383
Liberia,1398.1836,1401.0905,1467.9474,1590.0342,1683.0526,1424.345,1511.5498,1517.3635,1360.3948,1465.0406,2360.3433,3277.0,3494.0,3674.0,3679.0,4136.0,4568.0,4415.0,4138.0,3443.0,3070.0,915.1206,391.0859,971.93304,760.8758,811.158,853.0,843.52625,768.40546
Libya,,,,,,,,,,,,697.0,950.0,1323.0,3156.0,6071.0,6237.0,8142.0,8741.0,5695.0,4670.0,6113.3535,7543.9355,9770.98,14193.259,25140.6,25302.516,14219.172,11741.864
Lithuania,,,,,,,,,,,,,,,,,,,12734.0,13796.0,14851.0,10240.939,8793.701,10806.874,14995.767,20879.803,21305.004,24886.84,28971.844
Luxembourg,,,,,,,,,,,,13162.0,14343.0,15870.0,17864.0,18774.0,22236.0,23100.0,24951.0,27303.0,33351.0,39231.594,40687.902,50063.824,52624.164,56383.19,53675.46,55516.098,53489.332
Madagascar,,,,,,,,,,,,1581.0,1709.0,1793.0,1779.0,1871.0,1916.0,1694.0,1680.0,1305.0,1240.0,1152.6461,1132.4437,1238.7764,1239.897,1458.7854,1350.6381,1379.3699,1300.5428
Malawi,,,424.89474,417.0842,438.95377,430.0,495.2963,504.85184,629.0741,684.8148,514.4074,540.0,599.0,628.0,572.0,697.0,851.0,942.0,1004.0,925.0,872.0,802.9305,972.82135,967.0872,922.7613,1017.8208,1089.3064,1138.7363,1186.6827
Malaysia,,817.74304,822.51953,983.9665,1093.8268,1786.4246,2044.3575,2537.2961,2792.363,2906.0447,1889.0,2345.0,2399.0,2439.0,2754.0,3096.0,3649.0,4638.0,5829.0,6867.0,7144.0,9383.933,12668.668,13474.701,15087.251,17865.64,20162.178,23251.902,24279.316
Mali,,,,,,,,,,,,752.0,803.0,851.0,888.0,923.0,971.0,1090.0,1168.0,1084.0,1116.0,1115.406,1130.5096,1153.0461,1366.983,1460.496,1449.1959,1602.7819,1638.9304
Malta,,,,,,,,,,,,1701.0,2150.0,2383.0,2343.0,3309.0,4299.0,6684.0,8920.0,9797.0,11765.0,14341.302,16932.047,20434.549,21233.002,23674.594,24629.777,29207.27,29703.762
Mauritania,,,,,,,,,,,,717.0,797.0,913.0,1208.0,1471.0,1511.0,1779.0,1682.0,1486.0,1533.0,1559.9049,1873.0509,1934.7421,2185.9502,2895.665,3213.0,3376.7524,3532.2979
Mauritius,,,,,,,,,,,,4002.0,4106.0,4396.0,5196.0,4602.0,5128.0,7264.0,6970.0,7798.0,10418.0,12002.38,12841.931,14272.301,14854.613,15957.96,17021.246,19525.314,18445.975
Mexico,1785.0,1822.0,1992.0,2203.0,2131.0,2552.0,2523.0,2565.0,1890.0,2444.0,3188.0,3706.0,4213.0,4723.0,5555.0,6432.0,7256.0,8131.0,9929.0,9777.0,9193.0,10262.211,10386.499,12613.396,13287.6,14808.09,15547.994,16705.047,15253.691
Middle East and North Africa (MPD),,,,,,,,,,,,,,3102.628,,,,,6731.1772,,,,,9658.656,,,,18831.977,18227.408
Moldova,,,,,,,,,,,,,,,,,,,9078.0,10508.0,9731.0,5546.366,3305.4966,2989.535,3813.4312,4652.457,4914.038,6102.6943,6560.7476
Mongolia,,,,,,,,,,,,719.0,810.0,912.0,1027.0,1154.0,1256.0,1401.0,1618.0,1940.0,2227.0,1841.0125,2271.7988,2936.0627,4334.2314,6982.1465,10493.0,12313.544,12990.328
Montenegro,,,,,,,,,,,,1784.0,1906.0,2439.0,3732.0,4160.0,5206.0,5740.0,7992.0,7828.0,7299.0,4605.299,4663.16,6046.142,8193.75,13550.356,15421.0,17777.416,17355.623
Morocco,,,,,,,,,,,,2327.0,2313.0,2118.0,2201.0,2429.0,2660.0,3175.0,3622.0,3657.0,4077.0,4194.447,4603.652,4753.638,5584.154,6530.978,7355.326,7912.222,7849.208
Mozambique,,,,,,,,,,,,1878.0,1980.0,2115.0,2150.0,2469.0,2906.0,2064.0,1945.0,1629.0,1701.0,1482.4166,1325.5953,1196.0149,1125.8322,1031.3622,964.58234,1102.8173,1076.6941
Myanmar,,,,,,,,,,1336.0,,716.0,781.0,899.0,976.0,976.0,1023.0,1103.0,1320.0,1492.0,1207.0,1283.8254,1469.0317,1843.4945,2664.9412,3585.7651,4091.202,5252.832,6282.8115
Namibia,,,,,,,,,,,,4066.0,4340.0,4855.0,6468.0,6253.0,6156.0,6150.0,6293.0,5539.0,5386.0,5532.6724,5687.1167,5971.815,6712.772,7618.031,8482.415,9152.549,7734.6055
Nepal,,,,,,,,,,,,835.0,925.0,980.0,1012.0,1023.0,1034.0,1071.0,1057.0,1152.0,1269.0,1374.6611,1511.7336,1676.7456,1802.1438,2021.154,2258.0,2443.4324,2832.8608
Netherlands,5359.0,5306.0,5541.0,5628.0,6245.0,6727.0,7803.0,9118.0,8026.0,8273.0,8751.0,9698.0,11953.0,13209.0,15042.0,17365.0,20079.0,22132.0,23438.0,23750.0,25574.0,28555.732,31811.738,37899.95,39682.375,44840.71,43968.254,45654.47,46014.484
New Zealand,6357.0,6851.0,7285.0,7707.0,8303.0,8992.0,8198.0,8195.0,6897.0,9309.0,11045.0,12427.0,14346.0,15087.0,16606.0,16809.0,18889.0,20161.0,19681.0,21783.0,22022.0,21093.06,24321.248,26823.018,29806.734,31444.633,32714.732,34879.938,35853.69
Nicaragua,,,,,,2007.0,2098.0,2523.0,1863.0,1583.0,2460.0,3016.0,3186.0,3148.0,4092.0,4419.0,4543.0,5099.0,3414.0,3308.0,2498.0,2163.4165,2395.2021,2858.5269,3220.261,3856.5522,4376.0,5015.8643,4575.1865
Niger,,,,,,,,,,,,1023.0,1103.0,1213.0,1415.0,1398.0,1282.0,1033.0,1291.0,956.0,939.0,785.2636,712.85583,693.3765,725.13165,809.4504,849.7977,903.57153,962.7823
Nigeria,983.2669,1024.7012,988.0478,1002.39044,988.0478,988.0478,855.7769,956.1753,,1074.1036,,1323.0,1309.0,1307.0,1451.0,1114.0,1908.0,2208.0,2080.0,1527.0,1667.0,1793.9402,1924.0884,2144.8254,3136.6274,4084.2002,5216.3154,5337.1294,4976.3223
North Korea,,,,,1170.1295,1469.8208,1402.9271,1561.0217,1837.194,2121.9248,,,,,,,,,,,,2120.5461,1733.0995,1657.1444,1753.6919,1794.6573,1770.9209,1821.212,1584.3771
North Macedonia,,,,,,,,,,,,2150.0,2799.0,3586.0,5450.0,5606.0,7127.0,8319.0,9899.0,10007.0,10034.0,7991.5977,7095.1665,8083.7896,8561.384,10674.208,11255.701,12752.585,13125.83
Norway,3102.0,3249.0,3288.0,3612.0,4050.0,4739.0,4787.0,5241.0,5526.0,6432.0,8199.0,9267.0,10480.0,11483.0,13256.0,15224.0,17409.0,20610.0,24031.0,26321.0,28786.0,33041.207,43133.145,54039.96,64824.145,76522.06,81725.22,83213.016,83543.1
Oman,,,,,,,,,,,,1079.0,1274.0,1490.0,1714.0,4932.0,6271.0,7328.0,6491.0,9526.0,10633.0,12251.157,16491.168,24186.365,28607.084,40909.938,47427.582,51382.734,46133.21
Pakistan,,,,,,,,,,,,950.0,1017.0,1031.0,1208.0,1361.0,1455.0,1604.0,1851.0,2106.0,2442.0,2732.3816,2979.808,3154.5115,3664.5334,4224.405,4538.3457,5030.8354,5242.6953
Palestine,,,,,,,,,,,,1669.0,1930.0,2248.0,2585.0,2636.0,3797.0,4605.0,5239.0,4807.0,4745.0,5410.625,5320.2554,5377.3936,4358.5176,4287.209,5054.0,5316.9883,4490.755
Panama,,,,2504.0,2930.0,2445.0,2491.0,2558.0,2362.0,2507.0,2724.0,2557.0,2836.0,3217.0,3929.0,4752.0,5571.0,5604.0,6849.0,7192.0,6743.0,8148.6313,8652.076,9898.788,10769.523,14466.968,18051.0,21445.125,18840.738
Paraguay,,,,,,,,,,,2300.0,2273.0,2335.0,2346.0,2546.0,2699.0,3017.0,3629.0,5113.0,4945.0,5082.0,5186.564,5360.743,4896.4297,5876.66,6713.0303,7232.376,8438.709,8603.079
Peru,917.0,1084.0,1299.0,1549.0,1613.0,1954.0,2429.0,2796.0,2268.0,3078.0,3282.0,3964.0,4385.0,4733.0,5523.0,5874.0,6264.0,6808.0,6795.0,5859.0,6003.0,4698.483,5739.79,6038.2446,6731.005,8812.618,10605.589,12132.035,11136.991
Philippines,,,1082.0,1235.0,1452.0,2055.0,2133.0,2219.0,2212.0,2174.0,1583.0,1890.0,2248.0,2353.0,2550.0,2745.0,2954.0,3430.0,3787.0,3469.0,3355.0,3399.2427,3790.7788,4033.5608,4562.5024,5328.6826,6155.8296,7463.518,7624.4136
Poland,2415.0,2700.0,,,,3000.0,,,2643.0,2590.0,3439.4912,4018.0,4565.0,5125.0,5773.0,6881.0,7986.0,9397.0,9149.0,9006.0,9228.0,7873.925,10066.171,12732.167,14906.094,19011.547,22169.826,25020.621,28577.14
Portugal,1793.0,2075.0,2039.0,1943.0,2004.0,1959.0,2233.0,2343.0,2619.0,2428.0,3261.0,3445.0,4087.0,4712.0,5926.0,7767.0,10130.0,10861.0,12822.0,12894.0,15729.0,18598.527,19939.31,23372.041,24142.766,25590.88,24211.438,25568.695,25700.283
Puerto Rico,,,,,,,,,,,,3730.0,4525.0,5451.0,7012.0,8705.0,11046.0,11308.0,13040.0,13201.0,15701.0,18290.732,21856.018,27392.459,32110.838,32604.09,34395.0,35594.523,33787.4
Qatar,,,,,,,,,,,,47990.0,50628.0,52299.0,42186.0,58010.0,62416.0,55169.0,45860.0,20354.0,12492.0,15042.123,22395.264,45788.12,74372.93,107402.055,154339.81,160051.23,143118.53
Romania,1502.8962,1406.8207,1100.294,1441.1334,1756.8102,1063.6937,1386.233,1477.7336,1413.6832,1585.2467,2976.0547,2124.8564,2587.6025,2938.8025,3599.467,4366.12,5413.418,6243.1465,6591.6367,6659.454,6511.956,4818.304,6476.4746,7089.9463,10531.172,16347.344,17580.932,19825.604,24799.71
Russia,984.6079,1049.1808,1151.7039,973.4893,1086.0095,636.9061,901.1648,1281.7412,1459.3623,2040.5804,2940.4407,3686.9172,4615.279,5557.0,6754.0,8391.0,9785.0,11426.0,12204.0,12379.0,12720.0,10487.548,8479.381,10552.885,14880.979,21563.463,24020.31,23610.37,24625.385
Rwanda,,,,,,,,,,,,1071.0,1156.0,1224.0,980.0,1154.0,1282.0,1387.0,1672.0,1597.0,1538.0,1301.689,976.4079,1023.6182,1159.0281,1364.745,1528.552,1774.9015,1935.2662
Saint Lucia,,,,,,,,,,,,1288.0,1433.0,1691.0,1900.0,2091.0,2279.0,2820.0,3011.0,3403.0,4779.0,5737.2886,6330.9346,7191.275,8322.346,9931.685,10067.0,10486.955,8164.9062
Sao Tome and Principe,,,,,,,,,,,,1272.0,1256.0,1352.0,1733.0,2083.0,2324.0,2432.0,3182.0,2447.0,2295.0,2185.4644,2221.0535,2218.8196,2408.7607,2925.8857,3217.0,3629.3381,3826.3755
Saudi Arabia,,,,,,,,,,,,3937.0,4901.0,5928.0,7978.0,10916.0,15138.0,19297.0,21068.0,16343.0,12795.0,17905.28,20280.494,23904.516,30233.512,39393.43,49835.047,51959.074,46723.93
Senegal,,,,,,,,,,,,2077.0,2212.0,2303.0,2389.0,2389.0,2289.0,2370.0,2021.0,1989.0,2085.0,1942.9268,1866.3423,1983.524,2074.9539,2146.7915,2141.3882,2335.8652,2524.2656
Serbia,,,,,,,,,,,,2032.0,2447.0,3948.0,5166.0,5761.0,7347.0,8877.0,10724.0,10866.0,10793.0,6567.67,5710.197,6059.583,8512.168,11650.228,12438.256,13518.949,15256.421
Seychelles,,,,,,,,,,,,2821.0,2949.0,3257.0,3424.0,3470.0,4149.0,5149.0,6424.0,6030.0,7114.0,9304.808,10468.99,14379.832,13735.897,18687.39,22130.0,28588.604,29647.482
Sierra Leone,,,,,,,,,,,,958.0,1070.0,1176.0,1215.0,1420.0,1525.0,1511.0,1584.0,1608.0,1626.0,1354.9681,1060.5624,828.7939,1197.153,1363.4875,1665.0,1622.4203,1635.713
Singapore,,2206.0,1910.0,2488.0,2094.0,1932.0,2888.0,2361.0,1954.0,3652.0,,2342.0,3241.0,3464.0,3800.0,5294.0,8155.0,10178.0,13601.0,16767.0,19853.0,24775.57,32724.488,37772.758,42111.168,52180.17,62855.523,69211.05,71964.7
Slovakia,,,,,,,,,,,,,,,,,,,,,12659.0,9838.615,12622.909,13904.985,16570.861,22231.988,22745.203,25087.715,26468.295
Slovenia,,,,,,,,,,,,3934.0,4889.0,7165.0,9624.0,10822.0,14269.0,17462.0,21151.0,20650.0,20083.0,15462.71,18376.246,21501.336,24150.584,28473.596,25269.232,27004.717,28733.303
South Africa,2153.0,1494.0,2571.0,2283.0,,,2037.0,2444.0,2047.0,3048.0,3848.0,4175.0,4645.0,4847.0,5499.0,6087.0,6550.0,6802.0,6998.0,6672.0,6319.0,5901.9844,6725.791,7582.7783,8877.921,10977.146,11938.226,11908.111,10839.133
South Korea,,,,,1090.4381,1428.8164,1422.1493,1492.937,1620.9446,1692.8866,1098.8716,1038.041,1381.9828,1547.6918,1834.9778,2468.4836,3387.8906,4855.941,6064.04,8303.519,12039.945,15712.002,20204.56,23108.018,26646.504,30117.729,32826.48,36255.24,38606.984
South and South East Asia (MPD),,997.5472,,,,1117.5267,,,,,,,,1294.9343,,,,,1897.4258,,,,,3427.3994,,,,7084.0864,7590.1543
Spain,2328.1602,2672.3906,2657.0789,2912.7969,2911.0818,3239.3186,3513.8267,3901.835,3851.034,2872.1194,3473.9224,4099.3994,4763.9624,5031.5664,6938.4917,8598.881,10787.692,13044.986,14005.935,14313.326,17275.508,20329.168,22185.066,26994.86,30088.092,32844.324,30645.215,33002.676,30834.514
Sri Lanka,1734.0,2056.0,1937.0,1946.0,1844.0,1741.0,1798.0,2004.0,1819.0,1873.0,1847.0,2093.0,2091.0,2064.0,2104.0,2291.0,2327.0,2464.0,2917.0,3387.0,3633.0,4020.974,5187.709,5841.094,6191.9663,7622.4087,9599.045,11236.119,11447.249
Sub Saharan Africa (MPD),,,,,,,,,,,,,,1578.2007,,,,,2036.6299,,,,,2009.1904,,,,3477.2732,3335.987
Sweden,3003.0,3320.0,3599.0,3959.0,4312.0,4788.0,5365.0,6113.0,6325.0,7396.0,9822.0,11152.0,12428.0,13849.0,16761.0,18428.0,20725.0,22765.0,23809.0,25357.0,27468.0,27198.53,29012.105,34202.605,38016.062,42189.965,41523.145,44131.03,44128.332
Switzerland,5967.245,6611.7783,6879.5747,7507.7095,8311.78,7363.9595,8195.5205,9658.813,9752.443,9301.847,11189.343,12016.309,14507.061,16358.359,19195.447,21395.387,25356.91,24752.908,27405.73,28315.082,32482.908,34356.8,36720.492,43251.105,47263.598,56054.883,58750.938,60647.64,60521.26
Syria,,,,,,,,,,,,4441.0,5592.0,4819.0,5797.0,5270.0,7243.0,9526.0,10374.0,9792.0,9913.0,10002.276,9517.372,7668.072,7051.4287,6600.379,4443.686,3380.5535,2903.7397
Taiwan,,,1218.0,1186.0,1183.0,1513.0,1889.0,1934.0,2066.0,2246.0,,1639.0,1926.0,2157.0,2676.0,3484.0,4962.0,6245.0,8384.0,10394.0,14183.0,18101.332,22390.053,26787.445,29975.139,34762.367,39291.184,43262.195,48779.438
Tajikistan,,,,,,,,,,,,,,,,,,,5746.0,5469.0,5515.0,2832.7034,1559.5212,1723.3563,2301.292,2801.7761,3283.9092,3978.5557,4828.3936
Tanzania,,,,,,,,,,,,740.0,724.0,732.0,787.0,894.0,945.0,996.0,958.0,870.0,867.0,895.4806,979.7304,1148.6802,1464.3854,1848.1746,2271.4644,2592.6619,2948.4724
Thailand,,,,,,,,,,,,1385.0,1482.0,1718.0,1991.0,2488.0,2786.0,3333.0,4071.0,4720.0,6089.0,8409.0205,10458.358,9627.1045,11408.326,12768.129,14202.251,15411.534,15815.915
Togo,,,,,,,,,,,,899.0,955.0,1058.0,1275.0,1581.0,1709.0,1505.0,1572.0,1239.0,1239.0,1181.8712,1215.74,1150.366,1121.8059,1150.3579,1263.0,1412.9878,1482.7515
Trinidad and Tobago,,,,,,,,,,,,6282.0,8064.0,9964.0,10841.0,12248.0,13753.0,15696.0,19734.0,17680.0,14198.0,14195.952,15004.265,19179.918,25403.27,31434.305,30944.223,30158.125,25548.51
Tunisia,,,,,,,,,,,,1945.0,1949.0,2141.0,2533.0,2766.0,3645.0,4095.0,4693.0,4890.0,4940.0,5789.955,6388.394,7548.438,8705.084,10294.922,10750.85,11064.023,10354.239
Turkey,,,,,,,1084.0,1361.0,1543.0,2034.0,2098.0,2522.0,2777.0,3041.0,3453.0,4122.0,4929.0,6110.0,6070.0,6736.0,8019.0,9150.435,10644.634,11904.008,13423.795,16182.732,18539.223,21937.162,23721.88
Turkmenistan,,,,,,,,,,,,,,,,,,,6763.0,6314.0,6601.0,4587.7637,3226.9849,4173.195,7781.7437,12426.719,17333.729,17484.646,16580.84
USSR,1819.0,1906.0,2185.0,1940.0,2146.0,917.0,1420.0,2184.0,2294.0,3174.0,3829.0,4682.0,5684.0,6288.0,7076.0,8292.0,8995.0,10143.0,10245.0,10694.0,11226.0,8977.548,6786.942,8193.516,11428.941,16226.697,17984.639,17987.484,18851.242
Uganda,,,,707.5061,712.4672,,,957.9258,852.72925,969.08295,,1058.0,1100.0,1137.0,1251.0,1304.0,1364.0,1219.0,912.0,897.0,902.0,934.82623,1091.5275,1191.9539,1364.6852,1679.3995,1878.8959,1953.0966,2032.2618
Ukraine,,,,,,,,,,,,,,,,,,,8467.0,9476.0,9704.0,8130.277,4636.6265,5165.808,8049.3955,10824.076,10381.639,9221.608,9769.828
United Arab Emirates,,,,,,,,,,,,27490.0,32481.0,35758.0,40927.0,42040.0,39540.0,40803.0,44168.0,32135.0,20215.0,,34042.742,48888.03,64925.67,63862.086,66007.0,74292.95,70188.27
United Kingdom,7211.0,7594.0,7455.0,7461.0,7954.0,7017.0,7844.0,8539.0,8206.0,9620.0,10753.0,11303.0,12639.0,13780.0,15251.0,16593.0,18002.0,19311.0,20612.0,21869.0,25679.0,25790.186,28472.248,31946.037,34865.78,36264.79,35243.64,37593.906,34651.184
United States,6885.674,8037.5713,8663.658,8975.976,9976.567,10152.927,11126.713,11451.069,8380.504,10568.013,14734.232,16444.0,17397.0,18057.0,20360.0,23691.0,25414.0,27058.0,29611.0,32076.0,35863.0,37240.3,40412.75,45886.47,48492.72,50275.746,50436.434,53301.016,54379.207
Uruguay,4112.0,3387.0,4015.0,4355.0,5176.0,3580.0,4258.0,5176.0,4450.0,4790.0,5853.0,7353.0,8225.0,7643.0,7498.0,7353.0,7643.0,8853.0,10546.0,8805.0,10256.0,11349.542,12660.163,13050.063,11955.31,14869.927,17776.027,19393.982,18460.04
Uzbekistan,,,,,,,,,,,,,,,,,,,7453.0,7189.0,7101.0,5530.4785,4452.882,4667.26,5068.2085,6278.2734,7847.0747,9845.353,11341.919
Venezuela,2134.0,1846.0,1788.0,1693.0,1712.0,1903.0,2173.0,2866.0,2635.0,3904.0,7712.0,9309.0,11136.0,12116.0,14019.0,14520.0,15135.0,17174.0,16270.0,13597.0,14308.0,14901.616,14211.81,13992.608,13713.045,18019.09,18486.459,13428.789,4952.53
Vietnam,,,,,,,,,,,,1106.0,1218.0,1274.0,1427.0,1114.0,1278.0,1290.0,1207.0,1420.0,1556.0,1792.6708,2323.0464,2773.1016,3437.6643,4200.2354,4987.9644,6089.623,7395.3613
Western Europe (MPD),,4724.0073,,,,4869.033,,,,,,,,10928.713,,,,,20870.26,,,,,32593.166,,,,39299.83,38162.535
Western offshoots (MPD),,7740.8506,,,,9741.423,,,,,,,,17471.514,,,,,28786.756,,,,,44321.316,,,,51890.56,52617.65
World,,2265.4688,,,,2493.3152,,,,,,,,4403.6543,,,,,7239.1943,,,,,9903.86,,,,15029.054,15461.187
Yemen,,,,,,,,,,,,1473.0,1508.0,1537.0,1576.0,1639.0,2383.0,3193.0,3650.0,3861.0,3747.0,3759.7183,3855.572,4212.1055,4371.3955,4549.009,4064.3423,2495.4993,2031.4436
Yugoslavia,,1323.0,,,,1513.0,1699.0,1929.0,1655.0,1863.0,2273.0,2125.0,2560.0,3778.0,4941.0,5523.0,6948.0,8207.0,10037.0,10029.0,9884.0,6506.902,6938.2065,8472.589,10317.229,13125.144,14331.0,15537.365,16757.94
Zambia,,,,582.0121,583.6066,,594.76855,623.4705,735.08923,848.30255,943.97577,1140.0,1280.0,1530.0,1588.0,1741.0,1761.0,1707.0,1452.0,1269.0,1239.0,1308.8517,1260.7262,1428.5023,1828.3098,2504.757,3344.8652,3476.8513,3270.599
Zimbabwe,,,,,,643.7489,710.67334,873.204,819.0271,909.8531,1035.7346,1154.0,1422.0,1495.0,1519.0,1592.0,2268.0,2163.0,2064.0,2067.0,2114.0,1971.4456,2292.4875,2211.1963,1604.503,1197.5261,1749.8566,1782.8301,1585.9728
